"url","key","public_url"
"https://storage.googleapis.com/bluemachines-prod/forever/697b54ba74ba05263247af6b/recording/6a4f9d4f50b68b4c32c66245/recording.ogg","gcs-signed:bm-gcs-credentials.json","https://storage.googleapis.com/bluemachines-prod/forever/697b54ba74ba05263247af6b/recording/6a4f9d4f50b68b4c32c66245/recording.ogg?X-Goog-Algorithm=GOOG4-RSA-SHA256&X-Goog-Credential=bm-gcs%40bluemachines-prod.iam.gserviceaccount.com%2F20260714%2Fauto%2Fstorage%2Fgoog4_request&X-Goog-Date=20260714T084239Z&X-Goog-Expires=604800&X-Goog-SignedHeaders=host&X-Goog-Signature=9bce595fa2f9524cb8d6d8d0e6b8216d27e6946e87696adcede257265a8c5c5c7c671a605a9d71c3c8fcc31a6c801216c195c693082c5fbd255a4c89e8be3bf8db7bef8fbd5d1a9915a77ac68567f8891360221185ced59bf876228ae52b8d417d511c9991511711613ef3dbab43745d7642f87866b9621bd1388fd18f02f49fbdb775aaed47519eb66856084aad047dec3d39c8cc38cad2795a683d9ccf32d97f3accafa3a9a08e66e8d4c70e0e91126f5a5fae85c8620e68c0c31cbe120d8dfd04582fcb5066773e3ef37e69a507a71db0811059a15f5f3110ee4d27a504ec6de442581197c5cf14f6e297bbbc18c0440639aa8c76a688689ecf53d4fe00f2"
"https://storage.googleapis.com/bluemachines-prod/forever/697b54ba74ba05263247af6b/recording/6a4f9c7ef28f481edec74e9d/recording.ogg","gcs-signed:bm-gcs-credentials.json","https://storage.googleapis.com/bluemachines-prod/forever/697b54ba74ba05263247af6b/recording/6a4f9c7ef28f481edec74e9d/recording.ogg?X-Goog-Algorithm=GOOG4-RSA-SHA256&X-Goog-Credential=bm-gcs%40bluemachines-prod.iam.gserviceaccount.com%2F20260714%2Fauto%2Fstorage%2Fgoog4_request&X-Goog-Date=20260714T084240Z&X-Goog-Expires=604800&X-Goog-SignedHeaders=host&X-Goog-Signature=2723056e2478522fa40e6bd6864aa7ba4579083e523f3fc118df8aa6de45f9c6b3226dfa61053d1949259a3cc3c5786ede17796138f063fbf7d48c4ca2b3a3393130cd0bcb3bf2e9e05fb67a3d4f89982bb9e0a00e9c8d2d67d63369530282d5890de67d35e96e5f4f1e6c4678a3ca3267f4f10ba51f0b5f636b1d0426b7641e5a3f8479bb4d62c049f5adfc39efdcb698781cbc7afe923614015e461033023d2841794391b1191ab7fc7713f83b22770bbb209edad97c692c6e389920b2e81bd9a6b698076703f728593c0759bccba0b508f76f67199724bd0f100f225bce87455710e40f9a8a4a614befd7f6321aed13d553aba00f9d306957c69267e168ed"
"https://storage.googleapis.com/bluemachines-prod/forever/697b54ba74ba05263247af6b/recording/6a4f9a7650b68b4c32c65c8a/recording.ogg","gcs-signed:bm-gcs-credentials.json","https://storage.googleapis.com/bluemachines-prod/forever/697b54ba74ba05263247af6b/recording/6a4f9a7650b68b4c32c65c8a/recording.ogg?X-Goog-Algorithm=GOOG4-RSA-SHA256&X-Goog-Credential=bm-gcs%40bluemachines-prod.iam.gserviceaccount.com%2F20260714%2Fauto%2Fstorage%2Fgoog4_request&X-Goog-Date=20260714T084240Z&X-Goog-Expires=604800&X-Goog-SignedHeaders=host&X-Goog-Signature=92f1eeb3c63f5e29070c2244d6cdbc856bffd4df44c027fe9e0d67e30eb6dcf436a948388da1f83d3a1a777b35c458af3f9ef345bb07bf7ef0d966acd5ac1deba9289d366be0147feb73943c0dcdee751c9a94d9ead646b18ee05b368352cd41c8ea5c3cde6a8c6ba834b0e4d040da11da0fe56280e9894b1cb36cbdc9ec40f74f262091b9484847f75ecaf733dd68aa672a5b88e0a617f871b62938ad61ed3874e74157193d6ec29b5bdffab4b5ffc82182c3db3ba009d5a537061e527ef8dcfb5aad65d7ee9e7228351a440b29bf5f79d22378d90ed2aa2cc9ff4bf4a33f9c93291f75f4ef64c8f653152e7a63a68b66f9b4311385297906f94967ed94ce61"
"https://storage.googleapis.com/bluemachines-prod/forever/697b54ba74ba05263247af6b/recording/6a4f99a6734f87529b30b4aa/recording.ogg","gcs-signed:bm-gcs-credentials.json","https://storage.googleapis.com/bluemachines-prod/forever/697b54ba74ba05263247af6b/recording/6a4f99a6734f87529b30b4aa/recording.ogg?X-Goog-Algorithm=GOOG4-RSA-SHA256&X-Goog-Credential=bm-gcs%40bluemachines-prod.iam.gserviceaccount.com%2F20260714%2Fauto%2Fstorage%2Fgoog4_request&X-Goog-Date=20260714T084240Z&X-Goog-Expires=604800&X-Goog-SignedHeaders=host&X-Goog-Signature=0fd8c9908c2bfcd997336c25c1dcce03aa4cf4aa97e75330ea1f5cc61b48fa6ffc0a0e0a2a5a3aabccbeb40bcdad7e7627f31d87808d3b7017bb9a340ec2df77eeb37f041d505f5e4974744e745cb62fd0b9e0281a405b24502442f57a7cef25f3a9c8ea073985a9f2b3fed9a1d95af4673ef646e794672e3ee54710c79e8ede2d72831cf96fbe0b78f7247cb8d29c4f36f1c69dd261c835d81a8fa1d97dd0c789de08ffee87d17751f59359042ef4aa7910ae8502e23172bc0445757a7d7c023e2ea7e197411ff1c1eb940c8dea28025e85860b505167c97563096ba7c1a27a2cdba4bdd21984b85bbb8a6d68d8155668580ed2b4256f3d40935eec6e9d5245"
"https://storage.googleapis.com/bluemachines-prod/forever/697b54ba74ba05263247af6b/recording/6a4f973a4a4f4672f9013b9a/recording.ogg","gcs-signed:bm-gcs-credentials.json","https://storage.googleapis.com/bluemachines-prod/forever/697b54ba74ba05263247af6b/recording/6a4f973a4a4f4672f9013b9a/recording.ogg?X-Goog-Algorithm=GOOG4-RSA-SHA256&X-Goog-Credential=bm-gcs%40bluemachines-prod.iam.gserviceaccount.com%2F20260714%2Fauto%2Fstorage%2Fgoog4_request&X-Goog-Date=20260714T084240Z&X-Goog-Expires=604800&X-Goog-SignedHeaders=host&X-Goog-Signature=01e20033df2735a843a1d9435a7d21432140b2c1cd1fa622131763199689c735a6321c9a058d54693b555a1cc5dbc1689fd5d140a5b4243712bf7627a57b43800eb9aa4d862526c5c095beac2e0afb8b600a7ee1f397dd00f277901800cbe97e3048c9c4a55aee57267436973219bec6a42928eb588af82de087e24d81a9d48927ba357a2ad476eb6115dd85072b8ceea811cb9b83ab8cc7c7c10e8ba26637ab69cf10c90fd2d1ae402baa36a4430921888aab4e3bd37141a0238d1c95d7f4b47a67cbebf94d9203a3fd03f710ad3f3438effff16acbd5cbab61a23589264a50fcbce853164708f00d7a661be8b836e4e33b7aa83e3bae5dfb2ec734df46358f"
"https://storage.googleapis.com/bluemachines-prod/forever/697b54ba74ba05263247af6b/recording/6a4f972e7ed32c083befe0d7/recording.ogg","gcs-signed:bm-gcs-credentials.json","https://storage.googleapis.com/bluemachines-prod/forever/697b54ba74ba05263247af6b/recording/6a4f972e7ed32c083befe0d7/recording.ogg?X-Goog-Algorithm=GOOG4-RSA-SHA256&X-Goog-Credential=bm-gcs%40bluemachines-prod.iam.gserviceaccount.com%2F20260714%2Fauto%2Fstorage%2Fgoog4_request&X-Goog-Date=20260714T084240Z&X-Goog-Expires=604800&X-Goog-SignedHeaders=host&X-Goog-Signature=6d175554ecf2f0d4654a92313ab81cf56295913f530b77ae8aedd59035bdfc364b38e60d1302c6c1649ca0d3721354dd3cefec57f873a9ec8b4e0bf7f84eff23f05d332def508731c2bf2901b01c529d1f51db6f3c1fb7dc5fa6530d9acc83822305889a70240c429f98611cf9aef97ec0637b6ea16dafa1a25a0380615eb8fd0e8c3973b82d7e70428d37b4e87df0d3e14c3b1015854bb7674a40752715f761c659f5929201fa5e0a0ad2613f8b85cd08bb34531552a68b4acd831673c3eb106c35cfe0014648304787f9917a173eb98ab7733bedbcb5b866ebe0e980eeed3e9335264f664c50d051f2bade87290b8e7f6159fde552e65bda4ab009a1b3865a"
"https://storage.googleapis.com/bluemachines-prod/forever/697b54ba74ba05263247af6b/recording/6a4f96b7734f87529b30afde/recording.ogg","gcs-signed:bm-gcs-credentials.json","https://storage.googleapis.com/bluemachines-prod/forever/697b54ba74ba05263247af6b/recording/6a4f96b7734f87529b30afde/recording.ogg?X-Goog-Algorithm=GOOG4-RSA-SHA256&X-Goog-Credential=bm-gcs%40bluemachines-prod.iam.gserviceaccount.com%2F20260714%2Fauto%2Fstorage%2Fgoog4_request&X-Goog-Date=20260714T084240Z&X-Goog-Expires=604800&X-Goog-SignedHeaders=host&X-Goog-Signature=48d9a5511671f39c7d7efc1411c8289811a2b34203e3498c4f3b795694141bb98ad2b79e1c43802c72bd19f93be7af177c50c29a1653b50c86e50455709d29178c849935390c088bfcba9eb7eb70b1f3b2f934e14d2ab36192e61158155df0def36c9e93d001cd77dac51d1d762728085c64ce5879be3f219e9ebcb6878c3b4c41d6880ff1e333428191e1dbc8eacfc5872e770ba028260e6204be7367ae95e30ab37a554485888ab1191ebb5a95a216df8fbddc0eeb1971850d130a4f5efca06cbaaefea27eaf0b538b9affe19076a5083305c38b870ec64fee2ef76b0e6cf7943690041998b29ddaf43da2a13e4ff287054aa77f0633ae6020024f6ead76a1"
"https://storage.googleapis.com/bluemachines-prod/forever/697b54ba74ba05263247af6b/recording/6a4f968f50b68b4c32c654c5/recording.ogg","gcs-signed:bm-gcs-credentials.json","https://storage.googleapis.com/bluemachines-prod/forever/697b54ba74ba05263247af6b/recording/6a4f968f50b68b4c32c654c5/recording.ogg?X-Goog-Algorithm=GOOG4-RSA-SHA256&X-Goog-Credential=bm-gcs%40bluemachines-prod.iam.gserviceaccount.com%2F20260714%2Fauto%2Fstorage%2Fgoog4_request&X-Goog-Date=20260714T084240Z&X-Goog-Expires=604800&X-Goog-SignedHeaders=host&X-Goog-Signature=0938ff86eea29b9ac7b8fef3e20f837c6e09a25253c356c22a9bb1880a9be5cae9f2402ab21bbc49fda3ca22dd3816388c69903c3f46f3cc8ff77757ce42d384d589ab772b3c0573aae0e87623c9b28d5a7ca9e5fe9c3db0a3845e3c13d31d2a115554b14d4faeec12ab68db077c7a37dce2d56af9b959ca33f80520ee735fc5ea0593bc016442cd11a7a5f76f14e6617c984541e99489445195de0cb6b299d92efe9bfef287cb935c8e6918fb456c1d3208a7018cd61077a94bd707e2c88eb236a48638d9ad120c24fb2f6e879a910ce4f8e607af13a1b50d458185aae446c62115d20713ca71d685f650f62184ff4d3be86f02451b45442d606bd8002ba5b6"
"https://storage.googleapis.com/bluemachines-prod/forever/697b54ba74ba05263247af6b/recording/6a4f95273679665e93fe5f29/recording.ogg","gcs-signed:bm-gcs-credentials.json","https://storage.googleapis.com/bluemachines-prod/forever/697b54ba74ba05263247af6b/recording/6a4f95273679665e93fe5f29/recording.ogg?X-Goog-Algorithm=GOOG4-RSA-SHA256&X-Goog-Credential=bm-gcs%40bluemachines-prod.iam.gserviceaccount.com%2F20260714%2Fauto%2Fstorage%2Fgoog4_request&X-Goog-Date=20260714T084240Z&X-Goog-Expires=604800&X-Goog-SignedHeaders=host&X-Goog-Signature=a9adb7082091d94440dd783427f29f223541caff79571987efdfae978a1d93384b019d08a6727505b2bb7c4176a28abdaf53740438cd5b5da9b7ad0bc8d539f6d59c39d270d3e9c904198386cfb39b63cdf36bccb3e2031481ad3b14104a4cf0cca754aade24bcc2da4c1836f64c53b875f8338e9ac5508b4cd43766e2e0d4897c83cefacdf1ec232f8d8bcefd05c62b38d3cb6a2c3251ea11ee1d7b8ee6ffe53317d92017118f64117158a559ca93586d3d31b9186b52ac3a284964b36dcdba8b1deb45e46ebbc02723945760c106c42336eed6b98781986a5dd110406bb4cdc07000174693c9a0571aaac1039c5766a1af412df9c1a4e1e623dc1dda82d004"
"https://storage.googleapis.com/bluemachines-prod/forever/697b54ba74ba05263247af6b/recording/6a4f93ec50b68b4c32c64f64/recording.ogg","gcs-signed:bm-gcs-credentials.json","https://storage.googleapis.com/bluemachines-prod/forever/697b54ba74ba05263247af6b/recording/6a4f93ec50b68b4c32c64f64/recording.ogg?X-Goog-Algorithm=GOOG4-RSA-SHA256&X-Goog-Credential=bm-gcs%40bluemachines-prod.iam.gserviceaccount.com%2F20260714%2Fauto%2Fstorage%2Fgoog4_request&X-Goog-Date=20260714T084240Z&X-Goog-Expires=604800&X-Goog-SignedHeaders=host&X-Goog-Signature=8c21634880d6b9e0c86649ddea21ec4394cba3e9cabdb4c7eaac3af291074d607d612b76b9835b095f9d23835551253a441cae6e8edb9e96272b86a2a4f4e0badf45c2e8eb9b639d47a8632dc53e1d990d350f6f51aac59b3b05c269fa0c3790c5c328ce6e133ee23a4bc1c8738811bdc40c426c62b69806ee6c2142ed7c532c288ed0aea2ae0fc28485c837dd8071e682d3ac401c3350eeb1fc2aa5a608a2123144e3f4518cb7eb4cbf15e19e5e1507dec47b0a04f33f06f4edc1cc73ab519492ccec4b6d3be857f2eeb23b931bf5e74a31c1989152bb4f04752000b6e9d67ede7eda5ae5615bcd85f2eba8c2e546773f374cc6496c4c59ace8037aac3114e9"
"https://storage.googleapis.com/bluemachines-prod/forever/697b54ba74ba05263247af6b/recording/6a4f93471354d120e91008c6/recording.ogg","gcs-signed:bm-gcs-credentials.json","https://storage.googleapis.com/bluemachines-prod/forever/697b54ba74ba05263247af6b/recording/6a4f93471354d120e91008c6/recording.ogg?X-Goog-Algorithm=GOOG4-RSA-SHA256&X-Goog-Credential=bm-gcs%40bluemachines-prod.iam.gserviceaccount.com%2F20260714%2Fauto%2Fstorage%2Fgoog4_request&X-Goog-Date=20260714T084240Z&X-Goog-Expires=604800&X-Goog-SignedHeaders=host&X-Goog-Signature=6e68f43b29889cd1ccf8cc1a016aa3cbfcf3e09d9bee9ded44b9c27f23584086c3512ee429350baed2f721a98145c1fefad0ca5ffc5ae6487e2f8fd7453df75fd724db36497805c9b9852bb6ec16a0895958bf4494e790a2889601bc7e18c2fa40d9669b74b4d0f71085b5d13bda1c9cb1bb21f51d32a2d5f0a2a1adb7a08bcfb371ec0c3784080fbc976cfe4e0fcb11d8bf596d618dbc0f2b52e70ff9dda1859080effe12d956e5bf0eec88ca66cf935e17497e8141e12362867ba778c7dfb4d3387c5a3ffeedb1008eaa279f0bcfac8ebffd4354bd921359901c9507986a98c204e14dcaad4d9f6f00bf49266dd7232166bfb241e35604b39072654d82e15a"
"https://storage.googleapis.com/bluemachines-prod/forever/697b54ba74ba05263247af6b/recording/6a4f956230ded42697aecfde/recording.ogg","gcs-signed:bm-gcs-credentials.json","https://storage.googleapis.com/bluemachines-prod/forever/697b54ba74ba05263247af6b/recording/6a4f956230ded42697aecfde/recording.ogg?X-Goog-Algorithm=GOOG4-RSA-SHA256&X-Goog-Credential=bm-gcs%40bluemachines-prod.iam.gserviceaccount.com%2F20260714%2Fauto%2Fstorage%2Fgoog4_request&X-Goog-Date=20260714T084240Z&X-Goog-Expires=604800&X-Goog-SignedHeaders=host&X-Goog-Signature=aae3bb56936272543b426263601520dce8ea1ed8c224bda39786bcd7262ffac104e3fdcbe8afa2e93a461d64f709d69d7a9f5fc611f0d64a15636556dd030d894bfd9141668efc6691a1417a5502620e8b04bb9994c4ff3d32a0556eba2fe6d0bb68504d574403307e9e60787a1f049b2383670db4f531053e6ee3e48cea11daf27b9b1d6f6fd0167bf55a0e7b832f70010ef05a7225d81c8ab508d87f31bf99e1ed3007bdd3e61b9b21e1b8306f1bf5a6ff29009df6534df7da3a58e9613d8bfe297b5132207080474164720a3c367a677d8cfc6853bbf0bc6a916ac5b9bd8c665f78190425cc2efd622dada8d6f0af4bbfe5282d7c574741bdd8777d0febfc"
"https://storage.googleapis.com/bluemachines-prod/forever/697b54ba74ba05263247af6b/recording/6a4f91352b9769404d2ad48f/recording.ogg","gcs-signed:bm-gcs-credentials.json","https://storage.googleapis.com/bluemachines-prod/forever/697b54ba74ba05263247af6b/recording/6a4f91352b9769404d2ad48f/recording.ogg?X-Goog-Algorithm=GOOG4-RSA-SHA256&X-Goog-Credential=bm-gcs%40bluemachines-prod.iam.gserviceaccount.com%2F20260714%2Fauto%2Fstorage%2Fgoog4_request&X-Goog-Date=20260714T084240Z&X-Goog-Expires=604800&X-Goog-SignedHeaders=host&X-Goog-Signature=6d076c938a2de44c0356312a988c658667510ba89bc0f57c5e4c956f7107396b80c5d6582caf15d9afe232357e5277eb31af9e9abc6cf06c56001ab2ac914e60971375ca6ea59e7887a597ff6cff40830df8cfd58cd062ce1064c04507fc138a32efe00fb2fccd1639cffc76bfdf26f3503e52ed57e5182e3f612d7fb1aabbee6a706e70e2d781714bca1ef508c714905da266ea722e8a4f6d7c125b68984ed400cc73104cc0e7f1d69e84adb7365a5b94f827275e5075ce0e8e6f47cd600f6746d09d3a7878a177cf6b4ccd85904088c27588a11894388988d73c7c10d338539357800ff0996c3ec06953cbe95737cb498c3c421253bf31c3ed8aad00ba55e4"
"https://storage.googleapis.com/bluemachines-prod/forever/697b54ba74ba05263247af6b/recording/6a4f90e7acfb592293680726/recording.ogg","gcs-signed:bm-gcs-credentials.json","https://storage.googleapis.com/bluemachines-prod/forever/697b54ba74ba05263247af6b/recording/6a4f90e7acfb592293680726/recording.ogg?X-Goog-Algorithm=GOOG4-RSA-SHA256&X-Goog-Credential=bm-gcs%40bluemachines-prod.iam.gserviceaccount.com%2F20260714%2Fauto%2Fstorage%2Fgoog4_request&X-Goog-Date=20260714T084240Z&X-Goog-Expires=604800&X-Goog-SignedHeaders=host&X-Goog-Signature=571e54107701868f95bc44ad7a871525a0f4aafa37afacd6af9ceaf8a211ec19d2f579475a87333a643767eddb7b24dec720a79079d5f365c251993902acd1650221c770e283d9f761e2e195428696f8302fb7c6819a6bd6b8ab6c4dd9896284ce60c57fad2280123c84c9dbfc135d20fa88cf9df0aa0389d004eff059d2b125794716d76b5f502d2bd743b45e9d7c763784717b80f747891ff50268ddcf9e897ed50481dc629e5dd1cae4cfb3940bf74a269e1f773fdf495803ef9c7175f151df9c27bc87c933ea50e73a876d460ef07a9d524809e33b75918f3235c68dca91b04e2fafa49b4bc8788b746850c11274988c5984dcaa13f9374e8324d5bf8061"
"https://storage.googleapis.com/bluemachines-prod/forever/697b54ba74ba05263247af6b/recording/6a4f9365734f87529b30aa92/recording.ogg","gcs-signed:bm-gcs-credentials.json","https://storage.googleapis.com/bluemachines-prod/forever/697b54ba74ba05263247af6b/recording/6a4f9365734f87529b30aa92/recording.ogg?X-Goog-Algorithm=GOOG4-RSA-SHA256&X-Goog-Credential=bm-gcs%40bluemachines-prod.iam.gserviceaccount.com%2F20260714%2Fauto%2Fstorage%2Fgoog4_request&X-Goog-Date=20260714T084240Z&X-Goog-Expires=604800&X-Goog-SignedHeaders=host&X-Goog-Signature=2ef317e615ac9475f1e96c29baeb50cf9c609057c4031b7dc881cd4a4412db3023c433a7f481dae376cc497988986a34f30dc2a60802469dfc3a68571fa8d0c23b795456ad56f8ca83e6c4384f2bef93ec2042f2a60beb5eef60e2f11f093641f92bddf02a42553bd557a7da0863883fc19339990438f0b8329768fddb082f56ccdb9541a2b654690fbd0c83a9c30b22e562cefd13d96aac9e86bbc99c4a6ae797aff4f87115ef548a3c97f7bd37ce54488379d2a45df750bdcf37c6fb545393947335fa9e29d5ad35a464a6f11e6ae5f1d48fbc83aeb3fdbb79a286891bd9f6ed2ae6b5f0f5167cae4a5691715216e615be928a5988a792c9d5779a66711b3d"
"https://storage.googleapis.com/bluemachines-prod/forever/697b54ba74ba05263247af6b/recording/6a4f916fafb2e24de481471f/recording.ogg","gcs-signed:bm-gcs-credentials.json","https://storage.googleapis.com/bluemachines-prod/forever/697b54ba74ba05263247af6b/recording/6a4f916fafb2e24de481471f/recording.ogg?X-Goog-Algorithm=GOOG4-RSA-SHA256&X-Goog-Credential=bm-gcs%40bluemachines-prod.iam.gserviceaccount.com%2F20260714%2Fauto%2Fstorage%2Fgoog4_request&X-Goog-Date=20260714T084240Z&X-Goog-Expires=604800&X-Goog-SignedHeaders=host&X-Goog-Signature=2d052de83d0bb26d3499ac8ee070d24f3de6b9cd7697102511c2cd638e8afa5b79fd0b4bcd1b44d2037b802a2f5d8ab5c27bbb14ee7bcc9fd1f55b211baf3ea4cf824d70852976c1f5f4444af2b863341e2f9bdf5a7684847dbacfa7e642ebb437afb0fb702d25ae720672309103e974cddcf90b6ad052c56f6b5cd9a4fdab668bb196dd2a672cdbfad7459fd7349881a1e8d3784bfefa6bea19eb747007e90a0dd4adacc434d0bbda56a7531ba9d5409c8b7aadcd6bf15bc829bebf3b9ca6a0bc4b8eb631b578ab96092320857527ec62fcf24c5bad7f758ba29533aa2b5f85c844a67e10541dce2449e847a4ebbbadbbcc6ffde70a8dfaa1acb5c5f55ea559"
"https://storage.googleapis.com/bluemachines-prod/forever/697b54ba74ba05263247af6b/recording/6a4f949a734f87529b30ac3c/recording.ogg","gcs-signed:bm-gcs-credentials.json","https://storage.googleapis.com/bluemachines-prod/forever/697b54ba74ba05263247af6b/recording/6a4f949a734f87529b30ac3c/recording.ogg?X-Goog-Algorithm=GOOG4-RSA-SHA256&X-Goog-Credential=bm-gcs%40bluemachines-prod.iam.gserviceaccount.com%2F20260714%2Fauto%2Fstorage%2Fgoog4_request&X-Goog-Date=20260714T084240Z&X-Goog-Expires=604800&X-Goog-SignedHeaders=host&X-Goog-Signature=ae3971f7041804fe3e3be2acfcf9de0dcce2820cc27fcfc8ecf078594e5c16ddf7583b0d4d28fdcfca8cb94799f506a106a6713ccc811f0fae900f3d6bf481ecec8c3b71e45abd8f42d1ae5a1df09caec428bf404f3b1b9f865a47d9a5abe661db3d649a7e5d67a4e302645a1b751e6009e6f3917ea24a180da1bb2b4becf68ac1128c12f02c6d2ac8f14e990efd6bdbc187a11bacfcedf27b2d9dbc6e4b4529955ff2743ba5e4fe5048fa3f4578ecbc16c46d3e5c13bcb24ce0731608a50631f87317e973d7d690ac090068ebfb021b9e44793773e750b86501b4ff762d3d0070af93117488410122680c820c58cebb4883b825b2389c64d071312c646c7624"
"https://storage.googleapis.com/bluemachines-prod/forever/697b54ba74ba05263247af6b/recording/6a4f919bacfb59229368081e/recording.ogg","gcs-signed:bm-gcs-credentials.json","https://storage.googleapis.com/bluemachines-prod/forever/697b54ba74ba05263247af6b/recording/6a4f919bacfb59229368081e/recording.ogg?X-Goog-Algorithm=GOOG4-RSA-SHA256&X-Goog-Credential=bm-gcs%40bluemachines-prod.iam.gserviceaccount.com%2F20260714%2Fauto%2Fstorage%2Fgoog4_request&X-Goog-Date=20260714T084240Z&X-Goog-Expires=604800&X-Goog-SignedHeaders=host&X-Goog-Signature=8e9b7e762d8fd1af5f38986265b77e83f9061976f7edc9aa9a28087f56454c50a2711b6ccc9a6903fb3806992aa9f4ae78caed10bcc26a809d0b499fe086ac58c52d40666364a9e2ca7a55a989748d069d118949f2b140be91576a79d6bf16f8791335edbe899845ee5d8b122b4e56b9f2108ce9ac899373bdf9d3fddda35f48b541b4b5d256a00465a8c818c8211324a8b5f450432af9a50991544ccd10bab9472506668f276c6dcf14c2aa36b62585451e202a3949cc34a73cf0865f62b23a9add57dbc39d0fa6727d962a7c577e6c4a4299aa442473c5d163efcd9e8758a1e89e77c55800e87a7ccf5a05bc5d1dcc232fede944b7f25ded2373f8c93dbe43"
"https://storage.googleapis.com/bluemachines-prod/forever/697b54ba74ba05263247af6b/recording/6a4f8fd7c8dedb377ec59e3a/recording.ogg","gcs-signed:bm-gcs-credentials.json","https://storage.googleapis.com/bluemachines-prod/forever/697b54ba74ba05263247af6b/recording/6a4f8fd7c8dedb377ec59e3a/recording.ogg?X-Goog-Algorithm=GOOG4-RSA-SHA256&X-Goog-Credential=bm-gcs%40bluemachines-prod.iam.gserviceaccount.com%2F20260714%2Fauto%2Fstorage%2Fgoog4_request&X-Goog-Date=20260714T084240Z&X-Goog-Expires=604800&X-Goog-SignedHeaders=host&X-Goog-Signature=4b6ef050c8273375e36e7119c86f0cbcae17ddb04cab45c6d5803dfa0cba16229f97588b78a8bf41066174b5c1eaba6e3b3b140730b0539a47185f7c8c2ed6e3211876c46e8e53d4720ce70db707f1af31b4ee1ba114c53acb38e3a5ce28c27606916242cbd1946ab5263781a433732b0bf43829efa5c6fc4679aaa3da127aac082a1fbf428aa482aa8f9c85bb8d91ed73bb0cd2fa2e68416d4a882be327823439e93f0a476b10b2b3a2e780d39232f412a34f782b30de53561107f1086b8e14c8bfdf05b23d82cd9803ab81a112ce7e2af4cfbfdbd3d40d2a707858f287c7832e23267e6fb747dc158b83433b2cc268ed61a8ca6daf95f2b1cbddac8ae88e03"
"https://storage.googleapis.com/bluemachines-prod/forever/697b54ba74ba05263247af6b/recording/6a4f8f1ad2670a6cafdbf892/recording.ogg","gcs-signed:bm-gcs-credentials.json","https://storage.googleapis.com/bluemachines-prod/forever/697b54ba74ba05263247af6b/recording/6a4f8f1ad2670a6cafdbf892/recording.ogg?X-Goog-Algorithm=GOOG4-RSA-SHA256&X-Goog-Credential=bm-gcs%40bluemachines-prod.iam.gserviceaccount.com%2F20260714%2Fauto%2Fstorage%2Fgoog4_request&X-Goog-Date=20260714T084240Z&X-Goog-Expires=604800&X-Goog-SignedHeaders=host&X-Goog-Signature=b378864ab373548223e7912327289b87cf2cd22e89f9404d7e337f2cc300e4bdb716ce552a9923f4c2e47ad0cdc63f86e47c5aaace132e7bce964dfe5fc14195f8f5f8d5c88ae8b961d5151df1fc80604d5e40b68265e5d98917dbd2eb313905da896d8ef38c54c226b1dfd795db3e37227954d22e19154068eb0283acf6b83d62faf298fcd8e23e0391dae757c5f2567903977377439ac1384553fcbc44d693f2c83f6bd3c44f1ac4a41876c4af102071fd4e58e47419474a02c0c6154e76e9b8bb1a3861c63e49605c762aef9a3fe14aa9c127ed2c02fa919bd41756a3eaa4e320a4be9157a1ec1155f3b94223b105d1f784bfcf32bccddcb1614970359316"
"https://storage.googleapis.com/bluemachines-prod/forever/697b54ba74ba05263247af6b/recording/6a4f922ed2670a6cafdbfe82/recording.ogg","gcs-signed:bm-gcs-credentials.json","https://storage.googleapis.com/bluemachines-prod/forever/697b54ba74ba05263247af6b/recording/6a4f922ed2670a6cafdbfe82/recording.ogg?X-Goog-Algorithm=GOOG4-RSA-SHA256&X-Goog-Credential=bm-gcs%40bluemachines-prod.iam.gserviceaccount.com%2F20260714%2Fauto%2Fstorage%2Fgoog4_request&X-Goog-Date=20260714T084240Z&X-Goog-Expires=604800&X-Goog-SignedHeaders=host&X-Goog-Signature=5f4dfd5712434c7eee6c4342f118545a06ad6d88adb30be507327218913aca1c25dd62783b9dcfc3a78a3185051ed454e42e87ab501c890138032793710b90268d3e83a706b776e1e1c2ffab4d81fb828df8cb6e396cb132c95bd7d141afa0a2a3ede5244baa8f2abba7e2dcb8e7e8ebd46b7c2d69047bc10542f0419fec10a742295b151bd5a14f17020309db91a8cbdd2c35199eda928e9e30bda0313cee149da07e6f20bf7b96111e09106fd257c876a101fb8202059f927f8241b0cbee4c19359b24afe7c428ada503638fae2a45dc452b7d0f15451dc7f5d83fde5a3781fc5dac0a08002109a6da78ea314f3407328930372586148b7fac9ddaabb37dcf"
"https://storage.googleapis.com/bluemachines-prod/forever/697b54ba74ba05263247af6b/recording/6a4f8d62d2670a6cafdbf4f1/recording.ogg","gcs-signed:bm-gcs-credentials.json","https://storage.googleapis.com/bluemachines-prod/forever/697b54ba74ba05263247af6b/recording/6a4f8d62d2670a6cafdbf4f1/recording.ogg?X-Goog-Algorithm=GOOG4-RSA-SHA256&X-Goog-Credential=bm-gcs%40bluemachines-prod.iam.gserviceaccount.com%2F20260714%2Fauto%2Fstorage%2Fgoog4_request&X-Goog-Date=20260714T084240Z&X-Goog-Expires=604800&X-Goog-SignedHeaders=host&X-Goog-Signature=8bb7b0fc7d681442513b3db7385c6823958be175a6f100c4bbdc2b8ca1e7c460d8629648c52bf74c583d2518b396bb5b576ec910340de307e471037b9ff06c993b74503deafd48b229e838ddb92c51bfec8f5a7e2f59f7a4516d3f27e280189f396e6ab8b004d7073da5b1a3c9e517121ea5782e2246195799d70782d20038d22fa15a35c706db28829d4467e6ee6ec9da7ee78ab6013f5000cb4744e2dadbf3e446e1b500e74300adba192c5c21bf7bfa7af0c59bb4720565bf8dfe3533a334721d1ceac85611d0ceedce32763962eaf9d764b78b8c633c59ffa78079f79e538bcde62e64c353cd343dcc1a02a675c44c90bbd4824774f9191b2b1c061b678c"
"https://storage.googleapis.com/bluemachines-prod/forever/697b54ba74ba05263247af6b/recording/6a4f8b4098f2de49fc3757f2/recording.ogg","gcs-signed:bm-gcs-credentials.json","https://storage.googleapis.com/bluemachines-prod/forever/697b54ba74ba05263247af6b/recording/6a4f8b4098f2de49fc3757f2/recording.ogg?X-Goog-Algorithm=GOOG4-RSA-SHA256&X-Goog-Credential=bm-gcs%40bluemachines-prod.iam.gserviceaccount.com%2F20260714%2Fauto%2Fstorage%2Fgoog4_request&X-Goog-Date=20260714T084240Z&X-Goog-Expires=604800&X-Goog-SignedHeaders=host&X-Goog-Signature=50c4365fbab890a49e82118a81f3ea509296fc99ad4dbc48421a361ee7cbc1f516e2fa3fb0f297d4bc5092de00eecdba275456e5e0372d66aa3061ae063ec9ceab6ef245d4f10b30107c9ccd408c8ae8b524d743a372ed373d6d037c3ec371af72dae98baa9dad0872fb84ee5915e8db94d9c00fb1b907a9523fcb10c226876afe6cf623621405c8d3d4fb333e8e429f010e5bbc262b50a42e90d7439484497bb3cef60551d39284e8a70efa1757f8b8e731d7cb55f59210884881adae46649bb997477a89cc0bcbe81f868946353ffa36d3a6f43f991ce1661d3096d1d7d187a52adc1f9aa896e4d3379d4b08b983b50997024ba0d56ddb44d3d67010495144"
"https://storage.googleapis.com/bluemachines-prod/forever/697b54ba74ba05263247af6b/recording/6a4f8b1a40691b6aea8c26f6/recording.ogg","gcs-signed:bm-gcs-credentials.json","https://storage.googleapis.com/bluemachines-prod/forever/697b54ba74ba05263247af6b/recording/6a4f8b1a40691b6aea8c26f6/recording.ogg?X-Goog-Algorithm=GOOG4-RSA-SHA256&X-Goog-Credential=bm-gcs%40bluemachines-prod.iam.gserviceaccount.com%2F20260714%2Fauto%2Fstorage%2Fgoog4_request&X-Goog-Date=20260714T084240Z&X-Goog-Expires=604800&X-Goog-SignedHeaders=host&X-Goog-Signature=7f64ca66ee657927aa4bf10d6d4857cd0ba178540b4923abf70934b3df1fa76f1e78d8ba8a048fbfcb50848eeee9d9a9915a003d883399f83df0186bdbb60f99d0dc05216bc2a736237e8482c3ed17df020cdd62dd0546432bce9ab349e66866727881305d50ef9e32246d81d14449442d6a60e6bf9607abc4a718158897144025afe1fe06d2f6ef8009dbe4f8e17b231aa483f771b8e38fad81f16af577cdf9d4f8a672668abae775271d115ff89fe1037b6d4fa95995f7c50c4fbdf309d9aabc850a5d9a76f60cc707be92612c08ad418419bdccf2ba18bf72b7a35f7c8a421bbbfe52e493c4c9eb88a1d5c174f1b9659b5aad0042ec4bde630dc707abe088"
"https://storage.googleapis.com/bluemachines-prod/forever/697b54ba74ba05263247af6b/recording/6a4f8aa7afb2e24de4812f3b/recording.ogg","gcs-signed:bm-gcs-credentials.json","https://storage.googleapis.com/bluemachines-prod/forever/697b54ba74ba05263247af6b/recording/6a4f8aa7afb2e24de4812f3b/recording.ogg?X-Goog-Algorithm=GOOG4-RSA-SHA256&X-Goog-Credential=bm-gcs%40bluemachines-prod.iam.gserviceaccount.com%2F20260714%2Fauto%2Fstorage%2Fgoog4_request&X-Goog-Date=20260714T084240Z&X-Goog-Expires=604800&X-Goog-SignedHeaders=host&X-Goog-Signature=89cb05db8c406282c3961d06d760bf92af17bc4ba6061c8f4bd956b7e2c1042357c7bff08339bb0c4f8f602776230ec650d5d52ff7abdceeae965bee713ba00408512a3366e36a6657b4cb614022e419ba59322ac6145f9ae8c6566b5578b4f3db04f0f9903b272a3f1fa22cd5238b5f5de22238aa816f22836943e791babcc884503e08ea793ebed394eec4234436c3d8b4dfd6c0a58f158932bdc98cbd2d87172f48999e1bc23270f5fc1b390d2a6584dc9b062865d31bcf66d62d4dd0700f5b4748c4307bfab9488a06c8034989b927d24e1cd02ddb14aa14939d96fde133cbaa177c5a637cf0d0ce171869b670ce03d6501e19d480aabd92eef01661243f"
"https://storage.googleapis.com/bluemachines-prod/forever/697b54ba74ba05263247af6b/recording/6a4f8b9ec8dedb377ec59322/recording.ogg","gcs-signed:bm-gcs-credentials.json","https://storage.googleapis.com/bluemachines-prod/forever/697b54ba74ba05263247af6b/recording/6a4f8b9ec8dedb377ec59322/recording.ogg?X-Goog-Algorithm=GOOG4-RSA-SHA256&X-Goog-Credential=bm-gcs%40bluemachines-prod.iam.gserviceaccount.com%2F20260714%2Fauto%2Fstorage%2Fgoog4_request&X-Goog-Date=20260714T084240Z&X-Goog-Expires=604800&X-Goog-SignedHeaders=host&X-Goog-Signature=16add2aff70f171ba5787b1096a82c7676ad5dba611b2a2cf203a8fca188d7db53c8941205425af79a6d767f5a589263dfe3dd5c30e8498f739c6bfcd2b702301650bab42a8aa374f60bbd5ce8b8e761d48902bd885edbe90aed30caec7a4254875ce9b56e07b2235c6e8d1a9d5021679f0db36e3f9feecc5fa1b914b944eac24f66f4ab1a7b0ebf9777ef36fec497d2ba973e648dc2755ac37784154cb6e1afcebf64d6bbb9e66fd06f6cb84e078a2cfe1df2e9203d3a6a58179f0322ac754b880337a83cffbd65883681470a611f271c06bb522fc9557cc220dfe9cbb9ce96ee4ab1085087e87dc80a50664868e9e481a793ab35a1c844c9ca89436a9e0a15"
"https://storage.googleapis.com/bluemachines-prod/forever/697b54ba74ba05263247af6b/recording/6a4f8a37acfb59229367eb03/recording.ogg","gcs-signed:bm-gcs-credentials.json","https://storage.googleapis.com/bluemachines-prod/forever/697b54ba74ba05263247af6b/recording/6a4f8a37acfb59229367eb03/recording.ogg?X-Goog-Algorithm=GOOG4-RSA-SHA256&X-Goog-Credential=bm-gcs%40bluemachines-prod.iam.gserviceaccount.com%2F20260714%2Fauto%2Fstorage%2Fgoog4_request&X-Goog-Date=20260714T084240Z&X-Goog-Expires=604800&X-Goog-SignedHeaders=host&X-Goog-Signature=4ce496f48a9ba114a9676a63de8de4c9adfa088509cfb2b65253e90615cd272a905392a8acd28d49a62b2efba7e7403638245df46a51db2297f316fc0e94dcbe52aa826321a127423263f0606176adc57e6d5beef8b55f4ba57bca80ed565d6c0e3f915b663a3b0515dbb72f86b099ca73e8b9198384cbb398c827a9871133dfc98948c41642de16963a49229cb11e7a03e2f60e6ae68dbafae74ac60b7a177ce58de31f26497500a2a31d691c62477e2fef2ae3b7b9e1a366394f4d0affb21f5f9941c43bb328d7ae98724bf57e8a29a639ecb69b3537f5bd8a596a362758cebeaa69b38ffe4498caf2bab44081a4dfb53681eb7bb0e96d9bcea51d8a58863c"
"https://storage.googleapis.com/bluemachines-prod/forever/697b54ba74ba05263247af6b/recording/6a4f8fe2d2670a6cafdbfa0f/recording.ogg","gcs-signed:bm-gcs-credentials.json","https://storage.googleapis.com/bluemachines-prod/forever/697b54ba74ba05263247af6b/recording/6a4f8fe2d2670a6cafdbfa0f/recording.ogg?X-Goog-Algorithm=GOOG4-RSA-SHA256&X-Goog-Credential=bm-gcs%40bluemachines-prod.iam.gserviceaccount.com%2F20260714%2Fauto%2Fstorage%2Fgoog4_request&X-Goog-Date=20260714T084240Z&X-Goog-Expires=604800&X-Goog-SignedHeaders=host&X-Goog-Signature=95f67dc5a64c81e8944a6a299e68140dbc06c6ba5fad390fb47b8d5b5f2692ff765444aeb2eb1c24da1e25692f54df95f477f31f1f82c5cc47af1c342e4824742813b7bcfcfb462aa0a68499049ac79cc370498c10085ecdcfc08869dc9f870be52302d90dd4fb4100a5828279719ae53e52c5f2cf16ac6ec96a9c1eacf9914bd74ffd4f893e4116b721eb59b9e6235d87cbc78d9ccfd2a5fb6385a22678989ccb57bd5a27a458173c613089ce1e9ff64b8114721630670cfedb8c5b2b2859ead6d8da3f6d2cf1bab51b65e449b50867e365da65f10c3d7dffdce06de598beda7a8f1b091715da3c0cf1a4c39a0bd4f011fae3b27952402f3a812b9d1033fe8d"
"https://storage.googleapis.com/bluemachines-prod/forever/697b54ba74ba05263247af6b/recording/6a4f8fcbd2670a6cafdbf9ea/recording.ogg","gcs-signed:bm-gcs-credentials.json","https://storage.googleapis.com/bluemachines-prod/forever/697b54ba74ba05263247af6b/recording/6a4f8fcbd2670a6cafdbf9ea/recording.ogg?X-Goog-Algorithm=GOOG4-RSA-SHA256&X-Goog-Credential=bm-gcs%40bluemachines-prod.iam.gserviceaccount.com%2F20260714%2Fauto%2Fstorage%2Fgoog4_request&X-Goog-Date=20260714T084240Z&X-Goog-Expires=604800&X-Goog-SignedHeaders=host&X-Goog-Signature=8d92317d65ccf2b878c316244204c0a606339c411b2b633987c1b2370ce4208e38620ca130bc46927881cf9459e7f2511acfbe1c8df51cd2aa0d268b50753d155b27636800c01ce37e06b60957f7180ea92a7355b5901361c234eff40e3fc1b2bf281310d9c6bc2bf20db97c9b6031cb5a873257fb8880b160fb719882faa5661cc8a21477efcd3ec1fe2aee8b638796aa5c642b2e53f613a0df14d190abc82166f858f8cc0ff398cbf5f6138e34f29afe95d4cbeb403634c3b0eb696e996c50b388f6c1fe41cd5d0242d546705f7f189026b794c950b0611c9c128712e6416f9a1f21680db33b19f1d2d1cf070a3f99c28ec09fe0554f876c2063fec9a08c62"
"https://storage.googleapis.com/bluemachines-prod/forever/697b54ba74ba05263247af6b/recording/6a4f8f03acfb592293680434/recording.ogg","gcs-signed:bm-gcs-credentials.json","https://storage.googleapis.com/bluemachines-prod/forever/697b54ba74ba05263247af6b/recording/6a4f8f03acfb592293680434/recording.ogg?X-Goog-Algorithm=GOOG4-RSA-SHA256&X-Goog-Credential=bm-gcs%40bluemachines-prod.iam.gserviceaccount.com%2F20260714%2Fauto%2Fstorage%2Fgoog4_request&X-Goog-Date=20260714T084240Z&X-Goog-Expires=604800&X-Goog-SignedHeaders=host&X-Goog-Signature=4b6ccea981b9ee513c4ad9cf22d53d49625887dc30c2e54925fca278235581aeae3617ed3a1c9adbd7b0fe4c803108c5261d87d62927b83b8330db1ac04e78d01102627718c7c5b65e533bd56877054b21b5e49253599e3599f8a39da75ba49b09995272977ca82f13dd36adc281f8e35560deb4f83ce9f33724fdacd8a18f3f5190597c6e124a3951b46eea2f65368a7f9e9474c712c2348c4fd45928c6643e821614d958ca1509c9b4ba2020c69914d51ef3c0b6a8cf8db1331d86c48d3e803f8fa6368bc839b3d1aeebac9636baced2e9ecb388e4981b26868631ea8a2bd5e026e8f5a745b1967a07364b5bd9a1a9a940130a5d4c009b49f479476ec41101"
"https://storage.googleapis.com/bluemachines-prod/forever/697b54ba74ba05263247af6b/recording/6a4f8cb740691b6aea8c31ad/recording.ogg","gcs-signed:bm-gcs-credentials.json","https://storage.googleapis.com/bluemachines-prod/forever/697b54ba74ba05263247af6b/recording/6a4f8cb740691b6aea8c31ad/recording.ogg?X-Goog-Algorithm=GOOG4-RSA-SHA256&X-Goog-Credential=bm-gcs%40bluemachines-prod.iam.gserviceaccount.com%2F20260714%2Fauto%2Fstorage%2Fgoog4_request&X-Goog-Date=20260714T084240Z&X-Goog-Expires=604800&X-Goog-SignedHeaders=host&X-Goog-Signature=8d41b86a7cb112c4dc19482d5c26feb0b898f5df521ef66b6a6a36770928c945599741a17333f6275c4edcf44d4fa4b6f7214df178597b9efadd2a17ec46671f6bae563d8f1d8e3a8c1c8449d4c35374efcf1946cf1e18ae1d5968c3d23e7caf9f93254fe46076fd832fbc7461e393e67046a8a7f0e45b9f3cd3396f0f4abb42e2dcb041aec33d9ceddf4a3e1787ed5a5a1b8111c625b36c2a4b8a7e496b6db1cc25acf0052f00087bb917798a06c09ff599efdeea1d947bb355364a59bf79837645bc5ff7705e4e176027dafd5d3fafc8912ca3aa1159b7d2cc3817e378bf86a9082ec66ad2190d2c021b959eb29d8825a2002773746780988164d66f51c133"
"https://storage.googleapis.com/bluemachines-prod/forever/697b54ba74ba05263247af6b/recording/6a4f8b23d2670a6cafdbe92d/recording.ogg","gcs-signed:bm-gcs-credentials.json","https://storage.googleapis.com/bluemachines-prod/forever/697b54ba74ba05263247af6b/recording/6a4f8b23d2670a6cafdbe92d/recording.ogg?X-Goog-Algorithm=GOOG4-RSA-SHA256&X-Goog-Credential=bm-gcs%40bluemachines-prod.iam.gserviceaccount.com%2F20260714%2Fauto%2Fstorage%2Fgoog4_request&X-Goog-Date=20260714T084240Z&X-Goog-Expires=604800&X-Goog-SignedHeaders=host&X-Goog-Signature=4b4389c9d3442d8f6becf6fde46f3beb3e1e9e70459c01b5c2bbb85415245ee5d8cbb2fbbcd6dffd938c88524e316d46bfe3fac33b467d38b4c101c31e114d9fea534924a09cfe916628635bd51daec909ccb13d3c990458bfb632c817c9268fbf9a9494a59b54975c054e5740dd84514592c7f0389dc6a78dbe454a39df94f0737ddd546a08565503acc0b2ed5af581216426d078c6a5a40d0ef71b4bb0ead20b3780562b53c00e7097a5d100cae6f1b276b0a1e5101be3555a41d99bd8c1d86a7acb4632de219165a690e7d7fdd3c23d4cb5752b6f6b713e80265b74323e9280487748ec18775976c4f36d74310eac91087b26fb7b641c5950bb0a1ad2432e"
"https://storage.googleapis.com/bluemachines-prod/forever/697b54ba74ba05263247af6b/recording/6a4f8aaec8dedb377ec58967/recording.ogg","gcs-signed:bm-gcs-credentials.json","https://storage.googleapis.com/bluemachines-prod/forever/697b54ba74ba05263247af6b/recording/6a4f8aaec8dedb377ec58967/recording.ogg?X-Goog-Algorithm=GOOG4-RSA-SHA256&X-Goog-Credential=bm-gcs%40bluemachines-prod.iam.gserviceaccount.com%2F20260714%2Fauto%2Fstorage%2Fgoog4_request&X-Goog-Date=20260714T084240Z&X-Goog-Expires=604800&X-Goog-SignedHeaders=host&X-Goog-Signature=0e6edffd238c4cd70f82d4636cfeaf7e0b61b24bcac179d324548838318dad71e5ec70269f55c238a78324c4fe2d19d1f13d0a550931135047dea36cf107ef4c39f05246e2fc1b5560093f9a8ad1a7bd30a44d87f190d7ff00e980c388fc2d2a775ff332c97e6994afd8aa4aedceab31da42de78d84d1cb1a4b413dfd7a8b2f624499285c78c16cd4346344e0009ceeb2f564cacc643a276cbdcac4f87537d2f811b17f37d9c6ce97ac9d576f3a2b6e50f0317d70a48b9a49322ea32237063c0b5b5a2662d93ef8ea7f28a037976d4224e46e0ba8f455ea02ebd89c49e6334d51ebf4f8dd2d30d94d71debfde06bbe9f7436e615f603262d3238996bf96ac6a1"
"https://storage.googleapis.com/bluemachines-prod/forever/697b54ba74ba05263247af6b/recording/6a4f8a3bafb2e24de48129d3/recording.ogg","gcs-signed:bm-gcs-credentials.json","https://storage.googleapis.com/bluemachines-prod/forever/697b54ba74ba05263247af6b/recording/6a4f8a3bafb2e24de48129d3/recording.ogg?X-Goog-Algorithm=GOOG4-RSA-SHA256&X-Goog-Credential=bm-gcs%40bluemachines-prod.iam.gserviceaccount.com%2F20260714%2Fauto%2Fstorage%2Fgoog4_request&X-Goog-Date=20260714T084240Z&X-Goog-Expires=604800&X-Goog-SignedHeaders=host&X-Goog-Signature=507bc25b529ed672653334e8b12fe2ab1a854310d11b1d9545628796d2a7806cfe91a95191d2824b6a16aab01689d103c4298869c44b09761313ab7ef6964d30080d13c36dc480b3d345d132a57a4ff5cf3accc70c4d2e909793a7ee0f2be5104235a1525f8f363393030a1daa62b4bc7abd3ccf03b90404f83f41f8022329f79bf98b463802792740b4a162f2a85f1ecddb5d502837d020a93c83d05823d407a9d710e434e1a708f994e575df4a0ae01061d5a12d1eeb9ea085be6a3c2ad577dd9bf0fd453bb1d982b547b532e7d800ce7e053cd4cdc3b252ca76801837f68cae7c10f8587b11182014a0e0da386a192169ebf5145efcf6220eddeac33d2a42"
"https://storage.googleapis.com/bluemachines-prod/forever/697b54ba74ba05263247af6b/recording/6a4f89c2d2670a6cafdbdcd0/recording.ogg","gcs-signed:bm-gcs-credentials.json","https://storage.googleapis.com/bluemachines-prod/forever/697b54ba74ba05263247af6b/recording/6a4f89c2d2670a6cafdbdcd0/recording.ogg?X-Goog-Algorithm=GOOG4-RSA-SHA256&X-Goog-Credential=bm-gcs%40bluemachines-prod.iam.gserviceaccount.com%2F20260714%2Fauto%2Fstorage%2Fgoog4_request&X-Goog-Date=20260714T084240Z&X-Goog-Expires=604800&X-Goog-SignedHeaders=host&X-Goog-Signature=1832023fe99b9cdad9d2f55d57f395d0e0f0b9faba8583a31cb09bf0d7331e5041bc4db9026ec84cff6cc2c6f1db0430e5288950b1268cdea2e63b846273fa0b4fb18602be9ffa2d66dac44d74ccfdf0a5eb963ed68910f06a2fb5416cfb267617d68ddb72d7d8bd5fcac46a845e56ce4c0ed5550217348c7bc057909b34b520c908b5ac73275ea6703e8f381ce9e4a1c0d6a768b24d6eae18bca25ca040280a2980b3c2b1907ad19e466fb4f0c406a17a48b1418d6b03e63be15af3b38dc844a424f7fdbd4b47d13aec653c95b8a34977919823762980847856e56ba34c0bde5526f5b6c341388ea690e05c6e78eb0e8c0d84e7df65b985acd3f23ee0ad4980"
"https://storage.googleapis.com/bluemachines-prod/forever/697b54ba74ba05263247af6b/recording/6a4f899698f2de49fc374a7e/recording.ogg","gcs-signed:bm-gcs-credentials.json","https://storage.googleapis.com/bluemachines-prod/forever/697b54ba74ba05263247af6b/recording/6a4f899698f2de49fc374a7e/recording.ogg?X-Goog-Algorithm=GOOG4-RSA-SHA256&X-Goog-Credential=bm-gcs%40bluemachines-prod.iam.gserviceaccount.com%2F20260714%2Fauto%2Fstorage%2Fgoog4_request&X-Goog-Date=20260714T084240Z&X-Goog-Expires=604800&X-Goog-SignedHeaders=host&X-Goog-Signature=9f407fa4cddbd5370feaac1e8b9f8df06c61dddbf6bfbd5ec0fd87005a610262df11e60be1cb982e23101f4c389036e4a8b9125d2d539cd42a460d07f4394fdea0981c73507e885823a9af9fd09033fe0b3e6aa1b098605461cbbbb0aeb37f43c9328795159410bd13fde2487fee2f5b44c3caaab1cdcfd211e31ab3f1734b58dc6ec1fb60adc5f62f9dfba0694c0740090ace61b09b5798978d472e35ccea4d6fc42617f894bf1b2ab3616fbe24635754ea97cdf65c8764f0bdacb3d93f05e73d86540bf0aef27a1d129dc96fa1881ca44bc6a452c0b0b35614dc0e3be9b1b5275dbfa132b8c27a5af0f95cf74eb498ea5374b2ad3edcef75fde06a741dedb7"
"https://storage.googleapis.com/bluemachines-prod/forever/697b54ba74ba05263247af6b/recording/6a4f898840691b6aea8c1a4e/recording.ogg","gcs-signed:bm-gcs-credentials.json","https://storage.googleapis.com/bluemachines-prod/forever/697b54ba74ba05263247af6b/recording/6a4f898840691b6aea8c1a4e/recording.ogg?X-Goog-Algorithm=GOOG4-RSA-SHA256&X-Goog-Credential=bm-gcs%40bluemachines-prod.iam.gserviceaccount.com%2F20260714%2Fauto%2Fstorage%2Fgoog4_request&X-Goog-Date=20260714T084240Z&X-Goog-Expires=604800&X-Goog-SignedHeaders=host&X-Goog-Signature=5fea674b3ff5a292bc0502e937b293630dc04214a23390fcfb846daf25ebeadc0c1b79a16020ae3bd770fcfbf3516f5893c1ef55fd536aefd923ed73865757b5f051bdc4282bd218811e91e5cb089e7777696b674212de595da50233a57f5214d16819389f8260cf429dfb597707b958c31afbe5f4ed63a0b36ce934d0f7fdc4127a9bf139b98b48d630ed370c2316659e00a410f1bd8e2a795e287dbf3aa4a20ac25fcf2ecdb93e9585e61ac53d0b7d4af1bdd40f0f9e8e77497b0b4a4b083e35dcf5c891c513c6ad8acad272a1b9da48dae3d5bffb6fe512ffdfc0d0e2ba32b15538114d4a5a54a2742bfeddeab0251bf503006382202f93266fd39cf4f0eb"
"https://storage.googleapis.com/bluemachines-prod/forever/697b54ba74ba05263247af6b/recording/6a4f893f40691b6aea8c19fc/recording.ogg","gcs-signed:bm-gcs-credentials.json","https://storage.googleapis.com/bluemachines-prod/forever/697b54ba74ba05263247af6b/recording/6a4f893f40691b6aea8c19fc/recording.ogg?X-Goog-Algorithm=GOOG4-RSA-SHA256&X-Goog-Credential=bm-gcs%40bluemachines-prod.iam.gserviceaccount.com%2F20260714%2Fauto%2Fstorage%2Fgoog4_request&X-Goog-Date=20260714T084240Z&X-Goog-Expires=604800&X-Goog-SignedHeaders=host&X-Goog-Signature=2a8ca31ac2eaee2a76bbb34285154d38c0627acd23b2f3f1bf207c2bedcc56dfdeea9dc75ede84e1b0d7cc0eff64be6ca82082aa93e1748f17db168402457bc8b0bd50e3fac5a70f65eac556670c729d2ba4ef723d2f297a1a9bb26d30dbf731a09ebf30c3b4fcd98e10700697060fd319866fe5ce660ccd7cfa15ed607d1ed74a621e6cd2b8c7eb7fd43a65f711622ed2cf65b9afede3af95001c7b7aad9475661a59cfa356a57cc3f0d8a1762d3c2c57453f5751012f687d4be0b790eae8d6fa339eec4ecab15c21a4163275944bc61b1b5c4b3e9e9b64f6423f0619f9c368160c67d52e1d13eb6ef44eede0bd1fe520fe8ab71d7bac9566ebfff406e700db"
"https://storage.googleapis.com/bluemachines-prod/forever/697b54ba74ba05263247af6b/recording/6a4f8942c8dedb377ec581c1/recording.ogg","gcs-signed:bm-gcs-credentials.json","https://storage.googleapis.com/bluemachines-prod/forever/697b54ba74ba05263247af6b/recording/6a4f8942c8dedb377ec581c1/recording.ogg?X-Goog-Algorithm=GOOG4-RSA-SHA256&X-Goog-Credential=bm-gcs%40bluemachines-prod.iam.gserviceaccount.com%2F20260714%2Fauto%2Fstorage%2Fgoog4_request&X-Goog-Date=20260714T084240Z&X-Goog-Expires=604800&X-Goog-SignedHeaders=host&X-Goog-Signature=1a6abec1cd8dbd3ab647aa38f1dcd713fa1f4b23d8c5dea044ebdc9c1ebeeb013f87029e98c8b8a403606eecb0aa08282417517e1d783dbb0b6d017a900a66ee5b67833e82b6c609d9552568dabd09827368b51d734c60bcc5f7f107746fac53a36fd4726ce86f903e1aabf7ac43821cd8b1bf86ad23abf103696083313c7a0b1fb883a38a5bf6056079fd613c81e6e8e97d49e18f83fe8f518f3e2b161a4ca5b5f8d7bbe027059d503bf354bfc9f34c30a82f1bab9dadf3b0fdaec5e934d9c0f048d10a46fb7776e8435237aca02475e6e3497546f5e06f31e616b1dbb2b753cc55c6c27dd8bafef110c12d1bc192b489fa03a8d2a243df1ad6a9cb13fd13ed"
"https://storage.googleapis.com/bluemachines-prod/forever/697b54ba74ba05263247af6b/recording/6a4f87bcc8dedb377ec57fe3/recording.ogg","gcs-signed:bm-gcs-credentials.json","https://storage.googleapis.com/bluemachines-prod/forever/697b54ba74ba05263247af6b/recording/6a4f87bcc8dedb377ec57fe3/recording.ogg?X-Goog-Algorithm=GOOG4-RSA-SHA256&X-Goog-Credential=bm-gcs%40bluemachines-prod.iam.gserviceaccount.com%2F20260714%2Fauto%2Fstorage%2Fgoog4_request&X-Goog-Date=20260714T084240Z&X-Goog-Expires=604800&X-Goog-SignedHeaders=host&X-Goog-Signature=655bc951ae850037d1cf10f732a098cf2f7c87f6b0c3cee08ae303710b8c12e6ef6cde58ae95bf78434e82bffa2f54a5db7fc999cede941a77106e9f04ffdcf37ce937d15962ce078801fc8f027ad342016e5768f5813fe6a4e9929da6e5b8c6a2a84fbbbfee78a62d4f0f27d38e31fcbb861ae02e159dd3e299b60a52ded204be8d8ecdbadb751209165a68028dbfdc31ea3ba331d4c272a304b7cf31fbfa5f5d26056d1f047c379aebcf1a6cf7342dbfd0e16bad3660e0cbd4140b948ea971c362d110c5ba85f0b9a9379a984a6c707ad959e3e0afd0d76db2c0c363c77463891e66454a40ec570e25073c373e9b69b29f0f21442409289502a64cd0730389"
"https://storage.googleapis.com/bluemachines-prod/forever/697b54ba74ba05263247af6b/recording/6a4f85ffadfe183686dbcea9/recording.ogg","gcs-signed:bm-gcs-credentials.json","https://storage.googleapis.com/bluemachines-prod/forever/697b54ba74ba05263247af6b/recording/6a4f85ffadfe183686dbcea9/recording.ogg?X-Goog-Algorithm=GOOG4-RSA-SHA256&X-Goog-Credential=bm-gcs%40bluemachines-prod.iam.gserviceaccount.com%2F20260714%2Fauto%2Fstorage%2Fgoog4_request&X-Goog-Date=20260714T084240Z&X-Goog-Expires=604800&X-Goog-SignedHeaders=host&X-Goog-Signature=4d4e1128f587e8ee9e6f18d609cd01c6997e304ab211d9591e2876b9d34f537b8683f094473e090f7a466d4715ddffa63863c7ba3b31607f276e61b360d5c2cf280932dbea6ee116e3c698311a30dc7806ab828184dca8a00e761b41a25d6e5b17512a5ab9dc65dac7f7bdb940f0e1d7c1c1e0a5a5eaa6c530d9db33727f654cda55ef81c4fe789ac73cae5b7c7b9639498720290fd2640906ce13c715207aae9cfb07347bd1b5be7aebc5250860f70e7fed614bc531f0f5b3be8d1f45914fb34ee3687992c5faa9384e14c2c4bf72f294058960361e6039f75347a8051f25f8132e7fce5102e2c9329d2176e5405b5fdb4a7924dc1a43ec8c6501991e3e7264"
"https://storage.googleapis.com/bluemachines-prod/forever/697b54ba74ba05263247af6b/recording/6a4f857310b9f353c5f20d40/recording.ogg","gcs-signed:bm-gcs-credentials.json","https://storage.googleapis.com/bluemachines-prod/forever/697b54ba74ba05263247af6b/recording/6a4f857310b9f353c5f20d40/recording.ogg?X-Goog-Algorithm=GOOG4-RSA-SHA256&X-Goog-Credential=bm-gcs%40bluemachines-prod.iam.gserviceaccount.com%2F20260714%2Fauto%2Fstorage%2Fgoog4_request&X-Goog-Date=20260714T084240Z&X-Goog-Expires=604800&X-Goog-SignedHeaders=host&X-Goog-Signature=231a95caa1ecf14e5273eea39fc291100cf49ba9887cee5960ce26cabb603bcbc78b4c219ef4edee652a1358be7f59b56e5156552ab85c72aa5033854cc8663fa4240777dca7e667fcd17e6995573aa928ab217e8a2708e0422ef63e4c2751f37a474fafc627bcdfe23d9d3aeed8c9f198f162784bb2adfddb04c1b141327a7bca363301c891bf4899b30cd6d1359d49d468f5d42a275ff4675b6ff8329a5ba21c695099358ed81abdf79065bd650d8ad5c5692ca31649c1a1beaa4e67d5411d23a1af2f548ce42489833b2870d9e53a464b107a57d7cecc214beb70a55156d6ab13f1d598b1f6d220f75818fce1d51d68c81db52c21da3f0ff7fb3dd313969d"
"https://storage.googleapis.com/bluemachines-prod/forever/697b54ba74ba05263247af6b/recording/6a4f8536647927573454712a/recording.ogg","gcs-signed:bm-gcs-credentials.json","https://storage.googleapis.com/bluemachines-prod/forever/697b54ba74ba05263247af6b/recording/6a4f8536647927573454712a/recording.ogg?X-Goog-Algorithm=GOOG4-RSA-SHA256&X-Goog-Credential=bm-gcs%40bluemachines-prod.iam.gserviceaccount.com%2F20260714%2Fauto%2Fstorage%2Fgoog4_request&X-Goog-Date=20260714T084240Z&X-Goog-Expires=604800&X-Goog-SignedHeaders=host&X-Goog-Signature=b874f5ef4905dec44eca364706693e0aefccaca7b386a45af19cdd27b35ad6023a49a8c78b24dc07c3e3e6ddf8733dd748194b674b73203af56eb70acae945567051113d4c5711bb1ba63d4d46ae75a2f47c339e119952475a325bb3a7888f00c0af96253b2974543317fd826315410f565560e3c9beb8bce00cf34d08e5a3b35efeb470f3082103bb206f8168d957e9d9b919d1d01e2fbb44855b07fd594ddb508a571a5d6fd9a30888b0e4308c1ef03b8524a217f0a60b908e296ca2db9b79ac8676e0e01ca21afa29bfff882e44dcde7401d5476bf07486fad1845f1e8bec70d0616162723a938d67f40aa2c1497b766bb5dccd936cd283c5e9d646219dfa"
"https://storage.googleapis.com/bluemachines-prod/forever/697b54ba74ba05263247af6b/recording/6a4f84b610b9f353c5f20c24/recording.ogg","gcs-signed:bm-gcs-credentials.json","https://storage.googleapis.com/bluemachines-prod/forever/697b54ba74ba05263247af6b/recording/6a4f84b610b9f353c5f20c24/recording.ogg?X-Goog-Algorithm=GOOG4-RSA-SHA256&X-Goog-Credential=bm-gcs%40bluemachines-prod.iam.gserviceaccount.com%2F20260714%2Fauto%2Fstorage%2Fgoog4_request&X-Goog-Date=20260714T084240Z&X-Goog-Expires=604800&X-Goog-SignedHeaders=host&X-Goog-Signature=3429257a2cf8cb67b214b7b9835e7287c08a1e01dd4f30aa34db43ae5f9ddcec0ce80e8357c040dacfaf1c2609ec72628a68c5d67bfec68bc42650845ca47cbad540601cad1e1817b5f80431489447fc6c81b36459be5c4d1ae62b0c39268870b9d0737941ed3a3d86c8b7045b0861a2f39f895e011f3699d82b1e9194b352f4b355b1a32eff7a9f78edc490573789569c8dab672f2a64442d39e457a5f84880a40583fc1ae54c94c495d082e4897a2e8db3071beff65536d726941cbb56852592253fc079d749d13509af218fd57c7df95d03c959380d5cea9c960cb1c1423066ac6e7fcc27a7680c8dfda534e936eac102f932403a70b6bec969ab4d74b5d6"
"https://storage.googleapis.com/bluemachines-prod/forever/697b54ba74ba05263247af6b/recording/6a4f8436fffd322d95f1cb08/recording.ogg","gcs-signed:bm-gcs-credentials.json","https://storage.googleapis.com/bluemachines-prod/forever/697b54ba74ba05263247af6b/recording/6a4f8436fffd322d95f1cb08/recording.ogg?X-Goog-Algorithm=GOOG4-RSA-SHA256&X-Goog-Credential=bm-gcs%40bluemachines-prod.iam.gserviceaccount.com%2F20260714%2Fauto%2Fstorage%2Fgoog4_request&X-Goog-Date=20260714T084240Z&X-Goog-Expires=604800&X-Goog-SignedHeaders=host&X-Goog-Signature=b670fe0113d9438c11b527bccfa60a81a7fa690c9ea207a691a99449e2d3c327a47a4855885a67066e4fcc90a6599a1f004ebfdb9e5054da2448aab1d840d00fdd5eea6c1540ce3d2cce2f812fde9174627d35091b8069ec6347cf3b32722217133b3033c9ec0656be01f9ea39d70d8f327b133750f468d1d570a9281643930ac7f978393267dc5a77f5925a6e51ef13306fd6f893083835d98017a690854bcff70c0ce9fdc34a7b52616d4802c1a6c24fc2546bbd5ced936e6974c1cf073f978613da0ae9255e3bd6f350ae6a8e5356bce0f20eb5dd149ffcac83d72c3087bb92e4b0c84f08d7a3887de7e2722ae8768704bd933cf7e455deceadc1fd07d3a7"
"https://storage.googleapis.com/bluemachines-prod/forever/697b54ba74ba05263247af6b/recording/6a4f832e80d15e57f7e92cfd/recording.ogg","gcs-signed:bm-gcs-credentials.json","https://storage.googleapis.com/bluemachines-prod/forever/697b54ba74ba05263247af6b/recording/6a4f832e80d15e57f7e92cfd/recording.ogg?X-Goog-Algorithm=GOOG4-RSA-SHA256&X-Goog-Credential=bm-gcs%40bluemachines-prod.iam.gserviceaccount.com%2F20260714%2Fauto%2Fstorage%2Fgoog4_request&X-Goog-Date=20260714T084240Z&X-Goog-Expires=604800&X-Goog-SignedHeaders=host&X-Goog-Signature=8e8d12afb5bbce469fd990156f36c495fff913c9346a9375b8ce2703b0b6ec103f29f6d3c88700052cd47e32266a09253c21f628da65077e17d929942356db48461e7cf2af66ebbafb500843afd72320f3fc5539ae7eb586af5c9bdaa3aea69c0179c807d9fcd525913c954b3618d0c81defbffafbd984274e4ff25ccb8db1460e24d23eb3eddc62b8b975cb02980f7ce89aa6329c4ba4850531c8e0e33f8f5b3499f374733ae2cab0326fd617584ac422c2d43ef9d970b63c4c98ce7ebcc5b6ccc77ea0287ba4244c94aeec64f3ef3a1a45ff63a3bd9d70e30c9e9cee7bbb94a2886a291362876f8228c02ee15cfa2c5a05565b6bdb3e5ac4f78ce215c72d2e"
"https://storage.googleapis.com/bluemachines-prod/forever/697b54ba74ba05263247af6b/recording/6a4f820b15c69c1dca7982a4/recording.ogg","gcs-signed:bm-gcs-credentials.json","https://storage.googleapis.com/bluemachines-prod/forever/697b54ba74ba05263247af6b/recording/6a4f820b15c69c1dca7982a4/recording.ogg?X-Goog-Algorithm=GOOG4-RSA-SHA256&X-Goog-Credential=bm-gcs%40bluemachines-prod.iam.gserviceaccount.com%2F20260714%2Fauto%2Fstorage%2Fgoog4_request&X-Goog-Date=20260714T084240Z&X-Goog-Expires=604800&X-Goog-SignedHeaders=host&X-Goog-Signature=90eb0cd1f7f5261fa823f73e004bd048984c2d0c3878d3d54d001df404200a2152030f90be4a78421a8d512c3b87bff751cb4770d31a7cc526c9a4ecafe3c399aa19324eadb9dadcf09f5d52deae42bb5aa1f9004082ee3afee3003419170d6f27936375c8e7ad4dea191e7c9acf34b8718c6c57aa09d25e2efcbd8e0f0e109bb64c5b6b68f6f7849df884f2bb15e467fb80f047c7afd38780e2b96c7340f3ac446d4596901f9b0e07d539cc105eb981b3dc927d773908378f969526837347189341b0ea477852343ae17ec1245de7a4431a1b5766c7adc3676eb23831dd6c71b81e602b79ef99133b4765111687a8c99fd502fb27033ea55a37eeda8067ca32"
"https://storage.googleapis.com/bluemachines-prod/forever/697b54ba74ba05263247af6b/recording/6a4f815e992614392514c3ca/recording.ogg","gcs-signed:bm-gcs-credentials.json","https://storage.googleapis.com/bluemachines-prod/forever/697b54ba74ba05263247af6b/recording/6a4f815e992614392514c3ca/recording.ogg?X-Goog-Algorithm=GOOG4-RSA-SHA256&X-Goog-Credential=bm-gcs%40bluemachines-prod.iam.gserviceaccount.com%2F20260714%2Fauto%2Fstorage%2Fgoog4_request&X-Goog-Date=20260714T084240Z&X-Goog-Expires=604800&X-Goog-SignedHeaders=host&X-Goog-Signature=47300e3d8e4cedb7c672107f30ce3382073be28d03218717c0d9d7ae3c8358a58460028f25010978b3288598959942d20adeceb951e761d7709bcb83e544fc42fde76213b394096b3c44b14aeb8524462ff52042f9085517258ba33b6b9388859d9888cab5f0e0b46f20ba31470beb184c1458097653080ebdcd98ccd2f7ee53f7d30525338340e7f22fdd437288fc27ac106e39234722e7e4f2c4a7b134fcc0342b43da2939d2e7f96d220c3d63bc9c92efff25fa61691d173ed4e4fe7c9d3decfe65a82eb85a8c83223e5ad2c95ec4989e12ae2109e229c7dcc4c0f0ab9beb543e0d3f64d3cbf3944ddf4756e1a177e95aa8a2d265b86c1bb0776a9bd7a66d"
"https://storage.googleapis.com/bluemachines-prod/forever/697b54ba74ba05263247af6b/recording/6a4f8126992614392514c37f/recording.ogg","gcs-signed:bm-gcs-credentials.json","https://storage.googleapis.com/bluemachines-prod/forever/697b54ba74ba05263247af6b/recording/6a4f8126992614392514c37f/recording.ogg?X-Goog-Algorithm=GOOG4-RSA-SHA256&X-Goog-Credential=bm-gcs%40bluemachines-prod.iam.gserviceaccount.com%2F20260714%2Fauto%2Fstorage%2Fgoog4_request&X-Goog-Date=20260714T084240Z&X-Goog-Expires=604800&X-Goog-SignedHeaders=host&X-Goog-Signature=25aa03457df97c45b7a0780c42ef8b4874a5b5d1198b9965750ddcb3597c4b4d99c6a2f563c2ed97388b2403b022a4196e3dbb7b817cce2b88e5776a6e76fe469497c4be077b75951a5430bac2fd5c7c3b04e7e658b479f61fd6052d6db2306cfdb8c6a0163105b397aade9a8fb42641b50b2ec64152837829d8418db3c8737aff5096d571d7d7b28038f6dd65ccba347ee197d422a562b311b43800f35487b9651d47bf7c06bb0f5750dd1671809062e00cfbff9de00d93ed247c471d43115d59dcef1f522d5fcc6d172a13cdd287b788460c021933eff88064b56f7f64471d2e832553cbd20fba5be6167563053c01c5313eb7adc61ca499571b1226753cc2"
"https://storage.googleapis.com/bluemachines-prod/forever/697b54ba74ba05263247af6b/recording/6a4f8119992614392514c36a/recording.ogg","gcs-signed:bm-gcs-credentials.json","https://storage.googleapis.com/bluemachines-prod/forever/697b54ba74ba05263247af6b/recording/6a4f8119992614392514c36a/recording.ogg?X-Goog-Algorithm=GOOG4-RSA-SHA256&X-Goog-Credential=bm-gcs%40bluemachines-prod.iam.gserviceaccount.com%2F20260714%2Fauto%2Fstorage%2Fgoog4_request&X-Goog-Date=20260714T084240Z&X-Goog-Expires=604800&X-Goog-SignedHeaders=host&X-Goog-Signature=a9d322eb2c0c6b058190a93a86dd75222343e376c4d7c8e3087aeb9e9d021bbaae19aaf9c6a79f56b68bed02c6ac6331461602a6849cc3f2705956acf36e474e9bbf6d72cdd0c0fc2310317e74613fe2f2b9672dcd544aae105ad2a4ed06ad61ec394ea4c5ab7853ef89105bbff97812549011fac0dbfa9a015c324a341273c50c5f4384e3ed47865cf9e0497456a281c72adc6a5e7b46dbaa2fab16e5927f02b2283632e1f10c8ed645ba0256ba4893c93e4d24f71ffe2c42889a6284db739e1b74fdf37e8799401dd9d9fc4d4acd54268f6b321aadb0b239c859118c92e6082bac57cc63c97df5ba846fa228b81e25d4fc05c60357a8e9b6927ecd5941c2ff"
"https://storage.googleapis.com/bluemachines-prod/forever/697b54ba74ba05263247af6b/recording/6a4f8112992614392514c35c/recording.ogg","gcs-signed:bm-gcs-credentials.json","https://storage.googleapis.com/bluemachines-prod/forever/697b54ba74ba05263247af6b/recording/6a4f8112992614392514c35c/recording.ogg?X-Goog-Algorithm=GOOG4-RSA-SHA256&X-Goog-Credential=bm-gcs%40bluemachines-prod.iam.gserviceaccount.com%2F20260714%2Fauto%2Fstorage%2Fgoog4_request&X-Goog-Date=20260714T084240Z&X-Goog-Expires=604800&X-Goog-SignedHeaders=host&X-Goog-Signature=2cf4479997c277289787394c8cd73416f4585ef9dce1328debd93010cee43b2226d6eb8ff1e2b09f77e604f846744279de3332ad082fdef0470144f6da50cd517e08f92b435703ae780ff5524fc815c61deb4cf7def642318da4b99071b2607f48bd01509d98b51b782206128acb20900e32f7fdb5cbf6c8ff15522b2fff87320e2bca8b1c0aa761fc077390c03fc9cd583bda20a49f627bfd1470c79335a2a33ffc2e31f2db629fdff20f4733efad45c73f663d746621b400bbf534b537c3c743b7f9da3e8b766adb42657edfe5ad8b1c11af3487fe53eb314f5f701a6e65366057dec9f0632d97e7e2a1e62598cedf97775729d2ef7ea68959215b74c4182b"
"https://storage.googleapis.com/bluemachines-prod/forever/697b54ba74ba05263247af6b/recording/6a4f7effadfe183686dbc4bb/recording.ogg","gcs-signed:bm-gcs-credentials.json","https://storage.googleapis.com/bluemachines-prod/forever/697b54ba74ba05263247af6b/recording/6a4f7effadfe183686dbc4bb/recording.ogg?X-Goog-Algorithm=GOOG4-RSA-SHA256&X-Goog-Credential=bm-gcs%40bluemachines-prod.iam.gserviceaccount.com%2F20260714%2Fauto%2Fstorage%2Fgoog4_request&X-Goog-Date=20260714T084240Z&X-Goog-Expires=604800&X-Goog-SignedHeaders=host&X-Goog-Signature=37db4d44744bae80f87a1a373096d58db68da12fad95ca8aa94b0c69be9f0477e794fdf2a6c2f615365823a101ff9b7dc5d770c27b8b2dc8a376883f44b831b9dc967d068cbfe0fb2c878e30e1cce7b083afdf16ab2789f83fa440858d5a18546515b144154f6f0d341b736970a2af5387c2f1504f5fbd81b4df9693ee214b0de2813f748e011f26d1eac6f1d8fd7b7db93143240f0f4a17daa8d17a7c8197cf4e82fd48a34b417e4624b0bc79fddb1486c54e3394a239de31e82f6b3779c3715c02dd73d16426ad661c3a27af514514c08b0c433089568c2ff97f3180eda0b99e670169c8208deaa030146cd214d0fa599cef79b45f42695a6a934aa7dc4b1b"
"https://storage.googleapis.com/bluemachines-prod/forever/697b54ba74ba05263247af6b/recording/6a4f7ee1fffd322d95f1c3a9/recording.ogg","gcs-signed:bm-gcs-credentials.json","https://storage.googleapis.com/bluemachines-prod/forever/697b54ba74ba05263247af6b/recording/6a4f7ee1fffd322d95f1c3a9/recording.ogg?X-Goog-Algorithm=GOOG4-RSA-SHA256&X-Goog-Credential=bm-gcs%40bluemachines-prod.iam.gserviceaccount.com%2F20260714%2Fauto%2Fstorage%2Fgoog4_request&X-Goog-Date=20260714T084240Z&X-Goog-Expires=604800&X-Goog-SignedHeaders=host&X-Goog-Signature=023267cf14042c47cdc9bc33cc7fd766f33422701ba788483a3ac4fff1dd04dc336cd7d5d1c42c2c92942f1279df5a9443ced7963123a7f544691f226bf09079efb6b755a9b777e40316fffc0ce11f198549e67b7e808b3b4693c0b2ae30aaea85387e502c3ea645778f70b3b3d55b242ec062c999e2af94b30f837929de324f0baf568a80ef66caf4e4a0e37da40d0391c7f6585661c45741cd15287115c061069673fa6350a3cee780f5df6281570a08080c3f58a934b3cd15b0b2604210aff9c3796a825761c34d3422e78ffa698497813a942ac85fe27d0350b8e5f84bb6eb116ef44584afc590a71d4e99c4e4014c21fb625889315332ca84f7ae11a681"
"https://storage.googleapis.com/bluemachines-prod/forever/697b54ba74ba05263247af6b/recording/6a4f7e01adfe183686dbc349/recording.ogg","gcs-signed:bm-gcs-credentials.json","https://storage.googleapis.com/bluemachines-prod/forever/697b54ba74ba05263247af6b/recording/6a4f7e01adfe183686dbc349/recording.ogg?X-Goog-Algorithm=GOOG4-RSA-SHA256&X-Goog-Credential=bm-gcs%40bluemachines-prod.iam.gserviceaccount.com%2F20260714%2Fauto%2Fstorage%2Fgoog4_request&X-Goog-Date=20260714T084240Z&X-Goog-Expires=604800&X-Goog-SignedHeaders=host&X-Goog-Signature=9240b80b1c08a3a19d7f54878e20a45cd4d5fcf34ed46b2312821599ca141bc4d68250c061c469c5ac459005ab907b07fdfd388016a3ff62ced984d442b49113af205cefa16d5ed667f49e9cfaf06a916709400d5732fe99aad747533cc4d7471aa43877e2de1129940bc7c6057734b0bb4e11a7355d1d7b57da6ab4e183d264f78c6db8a692d8174af69c0f50474e9fcc848c7664f406549e75ce970e679da5bc905d306778e0440e095fe6665c5458dfce1f6c6b131f19bc7ee0d1ca286a816c6ba1e7e2f4ad272f18833cb7645d94478d35dae234efbdb682742f00d167751c866281ef5c5b6c27c33448152be8d7d8cd4f68e3e8b12398dac681923a637b"
"https://storage.googleapis.com/bluemachines-prod/forever/697b54ba74ba05263247af6b/recording/6a4f7d7b62ad462ab471e9c5/recording.ogg","gcs-signed:bm-gcs-credentials.json","https://storage.googleapis.com/bluemachines-prod/forever/697b54ba74ba05263247af6b/recording/6a4f7d7b62ad462ab471e9c5/recording.ogg?X-Goog-Algorithm=GOOG4-RSA-SHA256&X-Goog-Credential=bm-gcs%40bluemachines-prod.iam.gserviceaccount.com%2F20260714%2Fauto%2Fstorage%2Fgoog4_request&X-Goog-Date=20260714T084240Z&X-Goog-Expires=604800&X-Goog-SignedHeaders=host&X-Goog-Signature=5ccb9c86ec2fb434410a8aa05e4d107fd57ffba0a54b92308bd40a5b5a7bf023e8aea61a6c60f04ff6ccac9bcf3f7fe235dba03f40037d523e65e43572c0a32f421a3ea7f78583357659293bc1ad22d9af3edcca0f99a90a7da89aed9aca3164d96473cda53ad4815a38ade84c75c9006cdca908a7acefd745cd276bc87d0d4f9079ffd168fbe1b86db6b3c1f3db89b36b637736041d62b9a141189071c6fc8cab4c4482f7552ad7b8ba063537ed8fb55436c064e56fbeeb8e1130df068cb8e2fc908bddbb8791fff7ad9405edc53b7884beec1e37b5e0b6a19a2b24cd33708596d5e0cfdc9cfaa0a3f77a7518e536ffcdded05e3bafb2bf2e4bd21e0e5ece69"
"https://storage.googleapis.com/bluemachines-prod/forever/697b54ba74ba05263247af6b/recording/6a4f7d3510b9f353c5f20154/recording.ogg","gcs-signed:bm-gcs-credentials.json","https://storage.googleapis.com/bluemachines-prod/forever/697b54ba74ba05263247af6b/recording/6a4f7d3510b9f353c5f20154/recording.ogg?X-Goog-Algorithm=GOOG4-RSA-SHA256&X-Goog-Credential=bm-gcs%40bluemachines-prod.iam.gserviceaccount.com%2F20260714%2Fauto%2Fstorage%2Fgoog4_request&X-Goog-Date=20260714T084240Z&X-Goog-Expires=604800&X-Goog-SignedHeaders=host&X-Goog-Signature=6359f2a303d04c07b4a55e031b5c5618a3a8c54530fcdbd7261cecc7ec2016d091c5af55cdc0bf6b5ef661b737ae2816570d7d3d2974c7c4d16291e5b01ef135d37bc572c5cde4c8d23968189968f7aff44fadf9663082c4f61cc57233c4a4c4575422081ac574c9837192b45659eb28d557418797ee2523852953aeeefb65782430c7a745c4e7dee406721f21337946ceb3bdc6e861175d97c1a00ce9280bd237256e216022061629e2ac65992accf2ff84533822a5803aff1336b0bf78ea523dcc4ce67e32a5902ae0c103e20c84bbbfa301ab219b6bf20a56a4d98ac85075f4b3b82b82b231b9b584e83643ae78bdf860d6f34987fbe13435ab7e1468e4c2"
"https://storage.googleapis.com/bluemachines-prod/forever/697b54ba74ba05263247af6b/recording/6a4f7c9062ad462ab471e84f/recording.ogg","gcs-signed:bm-gcs-credentials.json","https://storage.googleapis.com/bluemachines-prod/forever/697b54ba74ba05263247af6b/recording/6a4f7c9062ad462ab471e84f/recording.ogg?X-Goog-Algorithm=GOOG4-RSA-SHA256&X-Goog-Credential=bm-gcs%40bluemachines-prod.iam.gserviceaccount.com%2F20260714%2Fauto%2Fstorage%2Fgoog4_request&X-Goog-Date=20260714T084240Z&X-Goog-Expires=604800&X-Goog-SignedHeaders=host&X-Goog-Signature=b60574293ef070ba658bdfc65594e0fa41cf9e4c84a16486edc64943a2e656e9e8d55b2ba12ffe5afc12b463eec4f26a7efcefa72ea29d99e358d26c5ce4629a33f815d2e5d968963ebb514f6d11d76e082910f6119eba8c8a57c91a09438d69b89faadee54536ee719472da4d377ded01ffc8012404f66af1815d6d4b9ef704210ceef0524443802fb16f476f64d0836dbdfe7e015c3d8bf2a1538bdffd45a868d1916cbef028370d9f8eeaccc860d7079dacc744f73624fb70ce0e6f270e3e234fce7fc5401b81f021ee4ca1d06d67899ab2bc070fcb30007a4b49506a7d1af85d8fe847039bb8e1b0e93f55839c02b0ecded3a1805275632ac97ebfdb8b72"
"https://storage.googleapis.com/bluemachines-prod/forever/697b54ba74ba05263247af6b/recording/6a4f7c12647927573454639d/recording.ogg","gcs-signed:bm-gcs-credentials.json","https://storage.googleapis.com/bluemachines-prod/forever/697b54ba74ba05263247af6b/recording/6a4f7c12647927573454639d/recording.ogg?X-Goog-Algorithm=GOOG4-RSA-SHA256&X-Goog-Credential=bm-gcs%40bluemachines-prod.iam.gserviceaccount.com%2F20260714%2Fauto%2Fstorage%2Fgoog4_request&X-Goog-Date=20260714T084240Z&X-Goog-Expires=604800&X-Goog-SignedHeaders=host&X-Goog-Signature=66531c7bf6fc442ac0bb4a31521f6d9d1f2cbcac7704f2db6d5267b3910e914f70fd2eb0cd2350809066b59affea8ae74f2f9fdb8c115c5553fdee262cb1621a4e727046ef6b141f4277cafaf42cde7f70f92eaddfd4409c39e8750bf6cbc86cce6edc8e6bc293a78bf731fb29a20dfe7590eb04b8696cf1c61d11f23694788f36e841390a802bdf91f0a0bcbd78f8d0bb8a0b7a065d712c1f73889f941f64451799094e24effc9f49d6756518b03dd5f213c7c263304e92771b7c07122b90f08a913ba348506bb1362d77fbdae934fc6c06c8a227cb7d52ff28c71996722a1381ef0e3def2685e28a85fbb9fc348a58aaa1361b51ae55f0889a5ea9a429ace0"
"https://storage.googleapis.com/bluemachines-prod/forever/697b54ba74ba05263247af6b/recording/6a4f7bc2fffd322d95f1be11/recording.ogg","gcs-signed:bm-gcs-credentials.json","https://storage.googleapis.com/bluemachines-prod/forever/697b54ba74ba05263247af6b/recording/6a4f7bc2fffd322d95f1be11/recording.ogg?X-Goog-Algorithm=GOOG4-RSA-SHA256&X-Goog-Credential=bm-gcs%40bluemachines-prod.iam.gserviceaccount.com%2F20260714%2Fauto%2Fstorage%2Fgoog4_request&X-Goog-Date=20260714T084240Z&X-Goog-Expires=604800&X-Goog-SignedHeaders=host&X-Goog-Signature=4e7037808605da2c46814994952072ffa78eb607f7d08c04d999b4411d74aa21744eacb29b035186e028c68c9815c4e3efb95e9f7a8b654ce50971d673dacc6aa56bbc40f86580adfd8c8dfb3f21fcab82eedaf4296d600bb8e80fd9df208c09d9e4cc83f583896505d4ed527cb01c555738f23ac3f2409fbc10f8fc66be74921e05834095aa4581d23f8af687a9a904225d245fca6b520dbee49fa65824e9c56e63c81e4ea3ade40361efcd42947f1499b606ce27e64f06ad033aacabfac844c6714c9a0afc5fc5148ffbafade730cd4ef58dd7996435b49f1767a8afeb0afe223cea465585d84dfb3501200c5301afcda541d82eb2616721faea2ac3b82fa4"
"https://storage.googleapis.com/bluemachines-prod/forever/697b54ba74ba05263247af6b/recording/6a4f7bae15c69c1dca79790b/recording.ogg","gcs-signed:bm-gcs-credentials.json","https://storage.googleapis.com/bluemachines-prod/forever/697b54ba74ba05263247af6b/recording/6a4f7bae15c69c1dca79790b/recording.ogg?X-Goog-Algorithm=GOOG4-RSA-SHA256&X-Goog-Credential=bm-gcs%40bluemachines-prod.iam.gserviceaccount.com%2F20260714%2Fauto%2Fstorage%2Fgoog4_request&X-Goog-Date=20260714T084240Z&X-Goog-Expires=604800&X-Goog-SignedHeaders=host&X-Goog-Signature=1a10b3dd55c3307eee3e4e60d6a8acc9af4b3ee1de52cf9ced880ea0108d79c7ce1ee7ab56f9e93440f69cc40b3ceeec0d8694f0e22f94a86e781f450e0cdcca8f813aaca8c9c8f3faa3bee05c435cf3766cc44ec4ffeb3b3e31c330e11df66cdbc0e37a4cc6f63b18d765bc91c3a3abc748679b87334aba3390b8bb112f2767c0998f2cab746b9724e1da9118205e019a520ef5261b04fb30288e26e659892dd58d48f1f2f803c4c1b6eac141f8069d9b6f87a304746577ffe483e7c566106c99cd322f491bdb3f8d791afab2f94f025cabee3c9d99fe2847e3c787f492adbafe912224de337499a0b2fc71dc8cde7f4837e3358a125f52aa3199190dc898fe"
"https://storage.googleapis.com/bluemachines-prod/forever/697b54ba74ba05263247af6b/recording/6a4f7b78992614392514bae8/recording.ogg","gcs-signed:bm-gcs-credentials.json","https://storage.googleapis.com/bluemachines-prod/forever/697b54ba74ba05263247af6b/recording/6a4f7b78992614392514bae8/recording.ogg?X-Goog-Algorithm=GOOG4-RSA-SHA256&X-Goog-Credential=bm-gcs%40bluemachines-prod.iam.gserviceaccount.com%2F20260714%2Fauto%2Fstorage%2Fgoog4_request&X-Goog-Date=20260714T084240Z&X-Goog-Expires=604800&X-Goog-SignedHeaders=host&X-Goog-Signature=2dff247b57a7645dee0799052f22dc72899ce36cabe00a0399658eb7c4183599bf22b5cbfee075eb4b0f38a4cedab15482282224c2167c3dcd54b9e9f4ed123c7ea4232f2231472a664a611575a87e3d67630e6f8fec1e48f074510cf8d5c9fe7a18e63f86fc2e4062971d5a598257ca06c7ec524dfa73bcb2bf9bc2e7ad3af7a450d8b0ce7c850b58dce6c49186d4f6b2dd8c64d71a7fda4175d3406791e728ecf79337de8015627665425e579a00f207f21644243d1cabba6f7b6a2419a1c597b28cc4470b06b020d3708ea01fb9b1a05bd3b48f5e77e07d4233c5b2d68a6b41f3e41dcad459cf0684776f9ae1bc34547c62d92b031e63ed95d00089f39edd"
"https://storage.googleapis.com/bluemachines-prod/forever/697b54ba74ba05263247af6b/recording/6a4f7b506479275734546236/recording.ogg","gcs-signed:bm-gcs-credentials.json","https://storage.googleapis.com/bluemachines-prod/forever/697b54ba74ba05263247af6b/recording/6a4f7b506479275734546236/recording.ogg?X-Goog-Algorithm=GOOG4-RSA-SHA256&X-Goog-Credential=bm-gcs%40bluemachines-prod.iam.gserviceaccount.com%2F20260714%2Fauto%2Fstorage%2Fgoog4_request&X-Goog-Date=20260714T084240Z&X-Goog-Expires=604800&X-Goog-SignedHeaders=host&X-Goog-Signature=894b0fbd9abc3d847dae84336446b80be93960856cffc5a185aa80b93aafa5fe1d7522aa994e388d8a1ea2e99753d429d6eface95013f7383e44db4e8a7f162974a0413f3c36ca3ab33a025573892e0e2e1d66e18f5735eeb5a80200308a73f061f97aa3343307bc32a92ee1c44fccce870bbd8758a2b50ce6fbb9fe7eab44f8c0d01244fee283812a2b47af82a0c6962fd79048871555fd199af98276a1e6925f7f071b0ebed2e9f666ed04f3bb9cd8c32c226e4c001ac2a340aade2cadfc85e6f9f049a589bbaa19541318a0636d19c781f9c9195ec1c2377c7e22cf0f20deb10a0240516f801df3c4448a6a002b0842a360979551e1ade2ad12ff0720500c"
"https://storage.googleapis.com/bluemachines-prod/forever/697b54ba74ba05263247af6b/recording/6a4f7b7515c69c1dca7978a1/recording.ogg","gcs-signed:bm-gcs-credentials.json","https://storage.googleapis.com/bluemachines-prod/forever/697b54ba74ba05263247af6b/recording/6a4f7b7515c69c1dca7978a1/recording.ogg?X-Goog-Algorithm=GOOG4-RSA-SHA256&X-Goog-Credential=bm-gcs%40bluemachines-prod.iam.gserviceaccount.com%2F20260714%2Fauto%2Fstorage%2Fgoog4_request&X-Goog-Date=20260714T084240Z&X-Goog-Expires=604800&X-Goog-SignedHeaders=host&X-Goog-Signature=3689711ab177cbd90ee431e67120c5e4946ac75bd23781b5b976f849d142d7db6a05f2b9347113c21843b10cd10f9e3f3779c9af395e908ea65991dd37206709d395966ea4e6fdcb41d07ae24067a29680341dd284bfc539f7c231cc629a3124289b52b09d7b57cc1ef57d17e2657170684bb858cf72b948974e63b2566c432efe50fb77e88118ea19e9ca715fa795bcb5e21cafcfbfa803c9869423b4357564c0554778745bbe114d00658207cd2ab9964b81774bffb03b54d440d184aebd55b94dd4281bad0c3f8d3e1ece4894fbcf8136c197999643e1b5220ec280d39993727a7cc4d89df17152f946b20339bcce7275dac037bc44a817b5925d740ae431"
